{
    "Pepper__bell___Bacterial_spot": {
        "precision": 0.9797979797979798,
        "recall": 0.9238095238095239,
        "f1-score": 0.9509803921568627,
        "support": 105.0
    },
    "Pepper__bell___healthy": {
        "precision": 0.9777777777777777,
        "recall": 1.0,
        "f1-score": 0.9887640449438202,
        "support": 132.0
    },
    "Potato___Early_blight": {
        "precision": 0.96,
        "recall": 0.9696969696969697,
        "f1-score": 0.964824120603015,
        "support": 99.0
    },
    "Potato___Late_blight": {
        "precision": 0.9019607843137255,
        "recall": 0.92,
        "f1-score": 0.9108910891089109,
        "support": 100.0
    },
    "Potato___healthy": {
        "precision": 1.0,
        "recall": 0.8181818181818182,
        "f1-score": 0.9,
        "support": 22.0
    },
    "Tomato_Bacterial_spot": {
        "precision": 0.9027777777777778,
        "recall": 0.9653465346534653,
        "f1-score": 0.9330143540669856,
        "support": 202.0
    },
    "Tomato_Early_blight": {
        "precision": 0.8192771084337349,
        "recall": 0.6415094339622641,
        "f1-score": 0.7195767195767195,
        "support": 106.0
    },
    "Tomato_Late_blight": {
        "precision": 0.8660714285714286,
        "recall": 0.8981481481481481,
        "f1-score": 0.8818181818181818,
        "support": 216.0
    },
    "Tomato_Leaf_Mold": {
        "precision": 0.9411764705882353,
        "recall": 0.6736842105263158,
        "f1-score": 0.7852760736196319,
        "support": 95.0
    },
    "Tomato_Septoria_leaf_spot": {
        "precision": 0.8418367346938775,
        "recall": 0.8870967741935484,
        "f1-score": 0.8638743455497382,
        "support": 186.0
    },
    "Tomato_Spider_mites_Two_spotted_spider_mite": {
        "precision": 0.8142076502732241,
        "recall": 0.9371069182389937,
        "f1-score": 0.8713450292397661,
        "support": 159.0
    },
    "Tomato__Target_Spot": {
        "precision": 0.8646616541353384,
        "recall": 0.8214285714285714,
        "f1-score": 0.8424908424908425,
        "support": 140.0
    },
    "Tomato__Tomato_YellowLeaf__Curl_Virus": {
        "precision": 0.9548387096774194,
        "recall": 0.9673202614379085,
        "f1-score": 0.961038961038961,
        "support": 306.0
    },
    "Tomato__Tomato_mosaic_virus": {
        "precision": 0.9032258064516129,
        "recall": 0.875,
        "f1-score": 0.8888888888888888,
        "support": 32.0
    },
    "Tomato_healthy": {
        "precision": 0.9640718562874252,
        "recall": 0.9757575757575757,
        "f1-score": 0.9698795180722891,
        "support": 165.0
    },
    "accuracy": 0.9055690072639225,
    "macro avg": {
        "precision": 0.9127787825853038,
        "recall": 0.8849391160023402,
        "f1-score": 0.895510837411641,
        "support": 2065.0
    },
    "weighted avg": {
        "precision": 0.9065947790507717,
        "recall": 0.9055690072639225,
        "f1-score": 0.9037870076984438,
        "support": 2065.0
    }
}